Feature,Importance
Hour,0.12196828617108274
Demand_Rolling_168H,0.09071367955963729
Demand_Lag_24H,0.06778995125332644
Demand_Lag_1H,0.06769913344720073
Demand_Lag_168H,0.06650167546074724
Avg_Voltage_V,0.06576975272592862
Demand_Rolling_24H,0.06463854946087971
Avg_Power_Factor,0.06345577092895059
Avg_Current_A,0.061622953908160895
Renewable_Share_pct,0.059705996780605224
Renewable_MW,0.05850548646532159
Demand_MW,0.0438448037298803
Generation_Demand_Ratio,0.04382269914105736
Month,0.031254669706635985
DayOfWeek,0.020098874122803933
Temperature_C,0.012074193770560558
Humidity_pct,0.011954057864152165
Cloud_Cover_pct,0.011825319097375364
Wind_Speed_kmh,0.011766901588964318
Rainfall_mm,0.008661418227985218
Solar_Irradiance,0.006610347616038311
Quarter,0.006318905634384821
IsWeekend,0.002445856916775388
Is_Peak_Hour,0.0009507164215452348
